filepath,label,split
images/MPX2158_synpic19202.png,images,train
images/MPX1481_synpic30248.png,images,train
images/MPX2563_synpic41810.png,images,test
images/MPX2041_synpic21981.png,images,train
images/MPX2563_synpic41804.png,images,train
images/MPX1165_synpic16243.png,images,train
images/MPX1132_synpic23661.png,images,train
images/MPX2608_synpic20532.png,images,train
images/MPX1188_synpic18995.png,images,train
images/MPX2574_synpic20244.png,images,train
images/MPX1072_synpic34900.png,images,train
images/MPX1774_synpic24333.png,images,train
images/MPX2004_synpic24601.png,images,test
images/MPX1256_synpic50758.png,images,val
images/MPX1957_synpic41677.png,images,train
images/MPX1205_synpic17593.png,images,train
images/MPX1551_synpic35371.png,images,val
images/MPX1087_synpic34300.png,images,train
images/MPX2527_synpic20893.png,images,val
images/MPX1303_synpic24512.png,images,val
images/MPX1502_synpic40652.png,images,train
images/MPX1692_synpic22152.png,images,train
images/MPX2583_synpic35306.png,images,train
images/MPX2576_synpic24360.png,images,train
images/MPX1900_synpic45739.png,images,train
images/MPX2479_synpic24748.png,images,train
images/MPX2021_synpic19651.png,images,test
images/MPX1147_synpic27149.png,images,train
images/MPX2347_synpic39714.png,images,train
images/MPX2064_synpic53234.png,images,val
images/MPX1942_synpic4381.png,images,train
images/MPX2266_synpic21024.png,images,test
images/MPX1514_synpic26852.png,images,val
images/MPX1134_synpic16730.png,images,test
images/MPX2258_synpic42061.png,images,test
images/MPX2384_synpic60013.png,images,train
images/MPX1298_synpic25024.png,images,train
images/MPX1500_synpic19061.png,images,train
images/MPX1916_synpic18603.png,images,test
images/MPX2325_synpic50881.png,images,train
images/MPX1582_synpic39373.png,images,train
images/MPX1561_synpic26918.png,images,train
images/MPX1834_synpic40778.png,images,train
images/MPX1064_synpic41378.png,images,train
images/MPX1748_synpic53121.png,images,val
images/MPX1241_synpic40303.png,images,train
images/MPX2218_synpic30801.png,images,train
images/MPX2554_synpic46963.png,images,test
images/MPX2497_synpic11134.png,images,train
images/MPX1556_synpic45719.png,images,train
images/MPX1407_synpic16608.png,images,train
images/MPX2175_synpic59056.png,images,val
images/MPX1519_synpic31539.png,images,val
images/MPX2183_synpic43444.png,images,train
images/MPX1110_synpic16490.png,images,train
images/MPX2563_synpic41794.png,images,val
images/MPX2359_synpic17942.png,images,train
images/MPX2230_synpic18503.png,images,train
images/MPX1049_synpic55186.png,images,val
images/MPX1049_synpic55192.png,images,train
images/MPX2175_synpic59081.png,images,train
images/MPX1201_synpic30964.png,images,train
images/MPX2027_synpic46452.png,images,train
images/MPX1665_synpic54372.png,images,test
images/MPX2002_synpic57895.png,images,train
images/MPX2242_synpic38165.png,images,val
images/MPX1694_synpic18251.png,images,train
images/MPX1503_synpic29643.png,images,val
images/MPX1578_synpic18362.png,images,train
images/MPX1537_synpic39396.png,images,train
images/MPX1665_synpic54373.png,images,train
images/MPX2027_synpic46453.png,images,test
images/MPX2175_synpic59080.png,images,train
images/MPX1049_synpic55187.png,images,train
images/MPX2563_synpic41795.png,images,train
images/MPX1197_synpic46446.png,images,train
images/MPX1110_synpic16491.png,images,train
images/MPX1519_synpic31538.png,images,train
images/MPX2175_synpic59057.png,images,train
images/MPX2119_synpic56367.png,images,train
images/MPX1654_synpic26198.png,images,train
images/MPX2094_synpic31716.png,images,train
images/MPX2112_synpic23368.png,images,train
images/MPX1556_synpic45718.png,images,train
images/MPX1419_synpic43433.png,images,train
images/MPX1853_synpic17932.png,images,val
images/MPX1609_synpic19714.png,images,train
images/MPX2554_synpic46962.png,images,train
images/MPX2218_synpic30800.png,images,val
images/MPX1241_synpic40302.png,images,train
images/MPX2257_synpic25204.png,images,val
images/MPX1357_synpic17883.png,images,val
images/MPX2040_synpic27364.png,images,train
images/MPX1582_synpic39372.png,images,train
images/MPX1270_synpic21803.png,images,train
images/MPX1561_synpic26919.png,images,val
images/MPX1832_synpic21084.png,images,train
images/MPX2325_synpic50880.png,images,train
images/MPX1916_synpic18602.png,images,train
images/MPX1134_synpic16731.png,images,val
images/MPX1514_synpic26853.png,images,test
images/MPX2064_synpic53235.png,images,test
images/MPX2224_synpic36031.png,images,test
images/MPX2539_synpic60243.png,images,test
images/MPX1942_synpic4380.png,images,train
images/MPX2266_synpic21019.png,images,train
images/MPX2479_synpic24749.png,images,train
images/MPX1324_synpic26181.png,images,train
images/MPX1147_synpic27148.png,images,train
images/MPX2347_synpic39715.png,images,train
images/MPX2021_synpic19650.png,images,train
images/MPX1900_synpic45738.png,images,train
images/MPX2583_synpic35307.png,images,train
images/MPX1322_synpic45731.png,images,train
images/MPX1243_synpic24673.png,images,train
images/MPX1024_synpic40275.png,images,train
images/MPX1502_synpic40653.png,images,train
images/MPX1303_synpic24513.png,images,train
images/MPX2527_synpic20892.png,images,test
images/MPX1087_synpic34301.png,images,train
images/MPX1551_synpic35370.png,images,train
images/MPX1692_synpic22147.png,images,train
images/MPX1205_synpic17592.png,images,train
images/MPX1643_synpic23455.png,images,train
images/MPX1220_synpic29034.png,images,train
images/MPX1089_synpic52785.png,images,train
images/MPX1957_synpic41676.png,images,train
images/MPX2506_synpic21439.png,images,train
images/MPX2328_synpic34920.png,images,train
images/MPX2004_synpic24600.png,images,val
images/MPX2498_synpic24417.png,images,train
images/MPX1596_synpic20748.png,images,train
images/MPX2574_synpic20245.png,images,val
images/MPX2257_synpic25199.png,images,val
images/MPX1188_synpic18994.png,images,test
images/MPX1269_synpic48268.png,images,train
images/MPX1880_synpic34284.png,images,train
images/MPX2330_synpic15183.png,images,val
images/MPX2158_synpic19203.png,images,val
images/MPX2563_synpic41811.png,images,train
images/MPX1701_synpic20168.png,images,train
images/MPX2330_synpic15181.png,images,train
images/MPX2563_synpic41807.png,images,train
images/MPX2041_synpic21982.png,images,val
images/MPX2158_synpic19201.png,images,train
images/MPX1563_synpic51033.png,images,val
images/MPX1930_synpic40648.png,images,train
images/MPX1744_synpic24676.png,images,test
images/MPX1880_synpic34286.png,images,test
images/MPX2428_synpic46481.png,images,val
images/MPX1803_synpic28581.png,images,test
images/MPX2515_synpic28376.png,images,train
images/MPX1699_synpic53462.png,images,train
images/MPX1334_synpic23516.png,images,train
images/MPX1073_synpic16494.png,images,train
images/MPX2319_synpic22068.png,images,train
images/MPX1124_synpic50738.png,images,train
images/MPX2004_synpic24602.png,images,train
images/MPX1551_synpic35372.png,images,train
images/MPX1087_synpic34303.png,images,test
images/MPX1502_synpic40651.png,images,train
images/MPX1692_synpic22151.png,images,val
images/MPX1303_synpic24511.png,images,train
images/MPX1024_synpic40277.png,images,train
images/MPX1243_synpic24671.png,images,train
images/MPX1643_synpic23457.png,images,train
images/MPX1710_synpic50503.png,images,test
images/MPX2347_synpic39717.png,images,val
images/MPX2244_synpic21443.png,images,train
images/MPX2354_synpic20936.png,images,train
images/MPX1151_synpic19448.png,images,train
images/MPX1028_synpic24629.png,images,val
images/MPX1384_synpic49848.png,images,train
images/MPX1942_synpic4382.png,images,val
images/MPX1094_synpic19922.png,images,train
images/MPX2260_synpic46208.png,images,test
images/MPX1582_synpic39370.png,images,train
images/MPX1500_synpic19062.png,images,val
images/MPX2077_synpic51017.png,images,val
images/MPX1916_synpic18600.png,images,train
images/MPX1160_synpic15209.png,images,val
images/MPX1108_synpic16232.png,images,train
images/MPX2286_synpic28890.png,images,train
images/MPX2218_synpic30802.png,images,train
images/MPX2554_synpic46960.png,images,train
images/MPX2114_synpic29550.png,images,train
images/MPX1241_synpic40300.png,images,train
images/MPX1515_synpic16277.png,images,train
images/MPX1489_synpic38836.png,images,train
images/MPX1575_synpic39398.png,images,test
images/MPX1458_synpic13273.png,images,train
images/MPX2456_synpic54588.png,images,val
images/MPX1609_synpic19716.png,images,train
images/MPX1879_synpic48739.png,images,val
images/MPX2563_synpic41797.png,images,val
images/MPX2183_synpic43447.png,images,train
images/MPX2175_synpic59082.png,images,train
images/MPX1435_synpic25189.png,images,val
images/MPX1529_synpic39420.png,images,val
images/MPX1049_synpic55191.png,images,train
images/MPX1049_synpic55185.png,images,test
images/MPX1410_synpic19204.png,images,train
images/MPX1317_synpic24308.png,images,train
images/MPX2512_synpic19965.png,images,val
images/MPX2201_synpic39416.png,images,train
images/MPX2027_synpic46451.png,images,train
images/MPX1201_synpic30967.png,images,train
images/MPX1537_synpic39394.png,images,train
images/MPX1578_synpic18360.png,images,val
images/MPX2388_synpic34943.png,images,train
images/MPX1875_synpic23054.png,images,test
images/MPX2201_synpic39417.png,images,train
images/MPX2477_synpic21251.png,images,val
images/MPX2388_synpic34942.png,images,train
images/MPX1578_synpic18361.png,images,test
images/MPX1537_synpic39395.png,images,test
images/MPX2242_synpic38166.png,images,train
images/MPX1317_synpic24309.png,images,train
images/MPX1410_synpic19205.png,images,train
images/MPX2175_synpic59083.png,images,train
images/MPX2316_synpic12143.png,images,train
images/MPX1660_synpic16991.png,images,train
images/MPX1049_synpic55190.png,images,train
images/MPX1410_synpic27472.png,images,train
images/MPX2183_synpic43446.png,images,train
images/MPX2175_synpic59068.png,images,val
images/MPX2610_synpic45858.png,images,train
images/MPX1915_synpic18650.png,images,train
images/MPX2563_synpic41796.png,images,test
images/MPX1673_synpic23299.png,images,train
images/MPX2225_synpic17072.png,images,train
images/MPX2094_synpic31715.png,images,val
images/MPX1609_synpic19717.png,images,train
images/MPX2456_synpic54589.png,images,val
images/MPX1489_synpic38837.png,images,train
images/MPX1241_synpic40301.png,images,train
images/MPX1748_synpic53123.png,images,train
images/MPX2133_synpic21405.png,images,train
images/MPX1129_synpic31044.png,images,val
images/MPX2554_synpic46961.png,images,val
images/MPX1160_synpic15208.png,images,val
images/MPX1916_synpic18601.png,images,test
images/MPX2075_synpic33089.png,images,train
images/MPX1582_synpic39371.png,images,train
images/MPX1942_synpic4383.png,images,train
images/MPX1610_synpic51801.png,images,train
images/MPX2064_synpic53236.png,images,train
images/MPX2224_synpic36032.png,images,train
images/MPX1094_synpic19923.png,images,train
images/MPX1134_synpic16732.png,images,train
images/MPX1151_synpic19449.png,images,train
images/MPX2583_synpic35304.png,images,train
images/MPX1322_synpic45732.png,images,val
images/MPX2354_synpic20937.png,images,val
images/MPX1028_synpic24628.png,images,train
images/MPX2347_synpic39716.png,images,val
images/MPX1324_synpic26182.png,images,train
images/MPX1643_synpic23456.png,images,val
images/MPX2008_synpic27563.png,images,train
images/MPX1692_synpic22150.png,images,val
images/MPX1087_synpic34302.png,images,train
images/MPX2527_synpic20891.png,images,val
images/MPX1551_synpic35373.png,images,train
images/MPX2004_synpic24603.png,images,train
images/MPX2073_synpic12218.png,images,train
images/MPX1089_synpic52786.png,images,train
images/MPX1121_synpic41016.png,images,train
images/MPX1771_synpic16984.png,images,train
images/MPX1124_synpic50739.png,images,train
images/MPX2319_synpic22069.png,images,test
images/MPX1504_synpic49211.png,images,val
images/MPX1073_synpic16495.png,images,train
images/MPX2574_synpic20246.png,images,train
images/MPX1699_synpic53463.png,images,val
images/MPX1782_synpic50978.png,images,train
images/MPX1960_synpic23968.png,images,train
images/MPX2607_synpic52588.png,images,train
images/MPX2515_synpic28377.png,images,val
images/MPX1411_synpic23301.png,images,train
images/MPX1016_synpic34318.png,images,val
images/MPX1132_synpic23663.png,images,train
images/MPX2428_synpic46480.png,images,test
images/MPX1165_synpic16241.png,images,train
images/MPX1744_synpic24677.png,images,val
images/MPX1930_synpic40649.png,images,train
images/MPX1697_synpic24667.png,images,train
images/MPX2275_synpic24623.png,images,train
images/MPX1880_synpic34287.png,images,train
images/MPX2041_synpic21983.png,images,train
images/MPX2158_synpic19200.png,images,train
images/MPX2330_synpic15180.png,images,train
images/MPX2291_synpic15151.png,images,train
images/MPX1247_synpic24621.png,images,train
images/MPX2492_synpic31013.png,images,train
images/MPX2563_synpic41802.png,images,train
images/MPX2301_synpic45657.png,images,val
images/MPX2563_synpic41816.png,images,train
images/MPX1570_synpic49448.png,images,test
images/MPX1278_synpic21143.png,images,train
images/MPX2349_synpic26325.png,images,train
images/MPX2347_synpic39276.png,images,val
images/MPX1803_synpic28584.png,images,train
images/MPX1243_synpic24674.png,images,train
images/MPX2606_synpic25198.png,images,train
images/MPX2060_synpic27727.png,images,train
images/MPX1502_synpic40654.png,images,train
images/MPX1953_synpic22195.png,images,val
images/MPX1205_synpic17595.png,images,train
images/MPX1202_synpic34374.png,images,val
images/MPX1220_synpic29033.png,images,val
images/MPX2482_synpic46986.png,images,train
images/MPX1957_synpic41671.png,images,train
images/MPX1942_synpic4378.png,images,train
images/MPX2266_synpic21022.png,images,train
images/MPX2218_synpic30797.png,images,train
images/MPX1514_synpic26854.png,images,val
images/MPX2064_synpic53232.png,images,train
images/MPX1950_synpic27241.png,images,train
images/MPX2518_synpic39512.png,images,val
images/MPX1751_synpic24225.png,images,train
images/MPX1194_synpic24336.png,images,train
images/MPX2244_synpic21446.png,images,val
images/MPX2583_synpic35300.png,images,train
images/MPX1735_synpic16735.png,images,val
images/MPX1672_synpic4070.png,images,val
images/MPX2257_synpic25203.png,images,train
images/MPX2040_synpic27363.png,images,train
images/MPX1956_synpic54999.png,images,train
images/MPX1582_synpic39375.png,images,train
images/MPX2384_synpic60015.png,images,val
images/MPX1832_synpic21083.png,images,train
images/MPX2554_synpic46959.png,images,val
images/MPX2158_synpic19199.png,images,test
images/MPX1489_synpic38833.png,images,train
images/MPX1419_synpic43434.png,images,test
images/MPX1709_synpic34687.png,images,test
images/MPX2114_synpic29569.png,images,train
images/MPX1458_synpic13276.png,images,val
images/MPX1609_synpic19713.png,images,val
images/MPX2051_synpic26330.png,images,test
images/MPX1064_synpic41381.png,images,train
images/MPX1834_synpic40781.png,images,train
images/MPX2497_synpic11132.png,images,test
images/MPX1087_synpic34299.png,images,train
images/MPX1594_synpic41187.png,images,val
images/MPX2563_synpic41792.png,images,train
images/MPX2175_synpic59078.png,images,train
images/MPX2183_synpic43442.png,images,train
images/MPX1072_synpic34899.png,images,train
images/MPX1233_synpic51030.png,images,val
images/MPX2242_synpic38162.png,images,val
images/MPX1529_synpic39419.png,images,train
images/MPX1911_synpic23324.png,images,train
images/MPX2055_synpic35457.png,images,val
images/MPX2050_synpic19947.png,images,train
images/MPX1201_synpic30962.png,images,train
images/MPX1503_synpic29644.png,images,train
images/MPX2388_synpic34946.png,images,train
images/MPX1130_synpic41029.png,images,val
images/MPX1014_synpic41748.png,images,val
images/MPX1665_synpic54374.png,images,test
images/MPX2097_synpic19231.png,images,train
images/MPX2175_synpic59087.png,images,train
images/MPX1690_synpic55883.png,images,train
images/MPX1690_synpic55882.png,images,val
images/MPX2468_synpic23782.png,images,test
images/MPX2097_synpic19230.png,images,train
images/MPX2175_synpic59086.png,images,train
images/MPX1123_synpic24318.png,images,train
images/MPX1503_synpic29645.png,images,val
images/MPX1201_synpic30963.png,images,train
images/MPX2027_synpic46455.png,images,train
images/MPX1538_synpic41611.png,images,train
images/MPX1130_synpic41028.png,images,train
images/MPX1911_synpic23325.png,images,train
images/MPX1529_synpic39418.png,images,train
images/MPX2242_synpic38163.png,images,val
images/MPX2141_synpic24032.png,images,val
images/MPX1509_synpic52776.png,images,train
images/MPX1617_synpic35941.png,images,train
images/MPX1454_synpic24715.png,images,val
images/MPX1300_synpic24424.png,images,train
images/MPX1072_synpic34898.png,images,train
images/MPX2183_synpic43443.png,images,train
images/MPX2563_synpic41793.png,images,train
images/MPX2175_synpic59079.png,images,train
images/MPX1087_synpic34298.png,images,val
images/MPX1834_synpic40780.png,images,test
images/MPX1064_synpic41380.png,images,train
images/MPX2497_synpic11133.png,images,train
images/MPX1154_synpic53549.png,images,train
images/MPX1458_synpic13277.png,images,train
images/MPX2134_synpic57586.png,images,train
images/MPX2158_synpic19198.png,images,val
images/MPX1873_synpic28992.png,images,train
images/MPX2554_synpic46958.png,images,train
images/MPX1419_synpic43435.png,images,train
images/MPX1298_synpic25023.png,images,train
images/MPX2384_synpic60014.png,images,train
images/MPX1916_synpic18604.png,images,train
images/MPX2058_synpic33788.png,images,test
images/MPX2456_synpic54567.png,images,train
images/MPX1582_synpic39374.png,images,train
images/MPX2455_synpic55402.png,images,val
images/MPX2257_synpic25202.png,images,train
images/MPX1956_synpic54998.png,images,train
images/MPX2040_synpic27362.png,images,train
images/MPX2583_synpic35301.png,images,train
images/MPX2021_synpic19656.png,images,val
images/MPX2064_synpic53233.png,images,train
images/MPX2518_synpic39513.png,images,train
images/MPX2218_synpic30796.png,images,train
images/MPX1514_synpic26855.png,images,train
images/MPX1220_synpic29032.png,images,train
images/MPX1957_synpic41670.png,images,val
images/MPX2482_synpic46987.png,images,train
images/MPX1355_synpic55466.png,images,train
images/MPX1202_synpic34375.png,images,val
images/MPX1205_synpic17594.png,images,train
images/MPX2146_synpic24432.png,images,train
images/MPX1953_synpic22194.png,images,val
images/MPX1502_synpic40655.png,images,val
images/MPX2527_synpic20894.png,images,val
images/MPX1657_synpic24451.png,images,train
images/MPX1053_synpic38936.png,images,train
images/MPX2347_synpic39277.png,images,test
images/MPX2305_synpic45398.png,images,test
images/MPX2574_synpic20243.png,images,val
images/MPX2349_synpic26324.png,images,train
images/MPX1058_synpic17148.png,images,val
images/MPX1570_synpic49449.png,images,test
images/MPX2563_synpic41817.png,images,train
images/MPX2312_synpic26117.png,images,train
images/MPX2062_synpic34418.png,images,test
images/MPX2563_synpic41803.png,images,train
images/MPX1390_synpic29157.png,images,train
images/MPX2263_synpic20906.png,images,test
images/MPX2291_synpic15150.png,images,train
images/MPX2001_synpic23577.png,images,train
images/MPX2083_synpic52358.png,images,val
images/MPX1722_synpic23304.png,images,train
images/MPX2563_synpic41815.png,images,train
images/MPX2071_synpic16475.png,images,val
images/MPX1034_synpic39539.png,images,train
images/MPX1563_synpic51035.png,images,train
images/MPX2563_synpic41801.png,images,val
images/MPX2349_synpic26326.png,images,val
images/MPX1699_synpic53464.png,images,train
images/MPX2330_synpic15178.png,images,train
images/MPX2428_synpic46478.png,images,test
images/MPX2347_synpic39275.png,images,train
images/MPX2433_synpic48299.png,images,train
images/MPX1256_synpic50761.png,images,train
images/MPX1628_synpic41589.png,images,val
images/MPX2008_synpic27564.png,images,train
images/MPX1241_synpic40299.png,images,train
images/MPX2604_synpic49129.png,images,val
images/MPX2004_synpic24604.png,images,train
images/MPX2507_synpic50869.png,images,train
images/MPX1220_synpic29030.png,images,val
images/MPX2576_synpic24359.png,images,val
images/MPX2518_synpic39511.png,images,train
images/MPX1333_synpic44969.png,images,train
images/MPX1828_synpic41446.png,images,train
images/MPX1674_synpic34453.png,images,train
images/MPX2064_synpic53231.png,images,train
images/MPX2266_synpic21021.png,images,test
images/MPX2583_synpic35303.png,images,val
images/MPX1935_synpic34504.png,images,test
images/MPX1775_synpic21377.png,images,train
images/MPX2502_synpic24909.png,images,train
images/MPX1108_synpic16234.png,images,train
images/MPX2257_synpic25200.png,images,val
images/MPX2336_synpic49841.png,images,train
images/MPX1791_synpic21757.png,images,train
images/MPX1581_synpic21018.png,images,test
images/MPX1298_synpic25021.png,images,train
images/MPX1582_synpic39376.png,images,test
images/MPX1458_synpic13275.png,images,train
images/MPX1419_synpic43437.png,images,val
images/MPX1318_synpic41392.png,images,train
images/MPX1748_synpic53124.png,images,train
images/MPX2497_synpic11131.png,images,test
images/MPX2065_synpic46301.png,images,train
images/MPX1129_synpic31043.png,images,train
images/MPX2183_synpic43441.png,images,train
images/MPX1509_synpic52774.png,images,train
images/MPX1039_synpic34349.png,images,train
images/MPX2169_synpic50697.png,images,val
images/MPX1454_synpic24717.png,images,train
images/MPX2027_synpic46457.png,images,train
images/MPX1201_synpic30961.png,images,train
images/MPX2388_synpic34945.png,images,train
images/MPX1793_synpic41478.png,images,train
images/MPX2004_synpic24599.png,images,train
images/MPX1911_synpic23327.png,images,train
images/MPX1402_synpic16952.png,images,train
images/MPX2316_synpic12144.png,images,train
images/MPX1568_synpic21208.png,images,val
images/MPX2175_synpic59084.png,images,train
images/MPX2175_synpic59085.png,images,train
images/MPX2468_synpic23781.png,images,train
images/MPX1213_synpic10589.png,images,train
images/MPX1815_synpic21774.png,images,train
images/MPX1911_synpic23326.png,images,train
images/MPX2027_synpic46456.png,images,train
images/MPX1538_synpic41612.png,images,train
images/MPX1559_synpic34910.png,images,val
images/MPX2536_synpic24348.png,images,train
images/MPX2141_synpic24031.png,images,test
images/MPX1509_synpic52775.png,images,train
images/MPX1233_synpic51032.png,images,train
images/MPX2281_synpic37555.png,images,train
images/MPX1423_synpic16631.png,images,train
images/MPX2183_synpic43440.png,images,train
images/MPX2497_synpic11130.png,images,train
images/MPX1556_synpic45721.png,images,train
images/MPX1129_synpic31042.png,images,test
images/MPX2065_synpic46300.png,images,train
images/MPX1748_synpic53125.png,images,val
images/MPX1190_synpic38358.png,images,val
images/MPX1321_synpic54278.png,images,train
images/MPX1873_synpic28991.png,images,test
images/MPX2289_synpic15889.png,images,test
images/MPX1710_synpic50458.png,images,train
images/MPX1582_synpic39377.png,images,train
images/MPX2456_synpic54570.png,images,train
images/MPX2336_synpic49840.png,images,train
images/MPX1672_synpic4072.png,images,train
images/MPX1735_synpic16737.png,images,train
images/MPX2297_synpic19052.png,images,train
images/MPX2257_synpic25201.png,images,val
images/MPX1775_synpic21376.png,images,val
images/MPX1322_synpic45734.png,images,train
images/MPX2583_synpic35302.png,images,train
images/MPX1935_synpic34505.png,images,train
images/MPX2344_synpic39231.png,images,val
images/MPX1514_synpic26856.png,images,val
images/MPX2266_synpic21020.png,images,test
images/MPX1828_synpic41447.png,images,train
images/MPX1333_synpic44968.png,images,test
images/MPX2518_synpic39510.png,images,train
images/MPX2576_synpic24358.png,images,test
images/MPX1950_synpic27243.png,images,train
images/MPX2064_synpic53230.png,images,train
images/MPX1674_synpic34452.png,images,train
images/MPX2507_synpic50868.png,images,val
images/MPX1220_synpic29031.png,images,train
images/MPX1502_synpic40656.png,images,val
images/MPX1087_synpic34304.png,images,test
images/MPX2060_synpic27725.png,images,train
images/MPX2146_synpic24431.png,images,val
images/MPX1628_synpic41588.png,images,val
images/MPX2209_synpic18368.png,images,train
images/MPX1256_synpic50760.png,images,test
images/MPX1202_synpic34376.png,images,train
images/MPX2328_synpic34919.png,images,train
images/MPX2433_synpic48298.png,images,val
images/MPX1053_synpic38935.png,images,train
images/MPX2428_synpic46479.png,images,train
images/MPX2281_synpic37390.png,images,train
images/MPX2330_synpic15179.png,images,test
images/MPX2349_synpic26327.png,images,train
images/MPX1699_synpic53465.png,images,train
images/MPX2295_synpic25562.png,images,train
images/MPX2563_synpic41800.png,images,train
images/MPX2563_synpic41814.png,images,train
images/MPX1563_synpic51034.png,images,train
images/MPX2071_synpic16474.png,images,val
images/MPX1803_synpic28579.png,images,val
images/MPX2263_synpic20905.png,images,val
images/MPX2083_synpic52359.png,images,train
images/MPX2001_synpic23576.png,images,val
images/MPX1844_synpic20208.png,images,train
images/MPX1387_synpic17044.png,images,test
images/MPX1909_synpic16188.png,images,train
images/MPX1601_synpic39463.png,images,train
images/MPX1084_synpic21717.png,images,train
images/MPX1713_synpic30211.png,images,val
images/MPX1675_synpic21667.png,images,train
images/MPX1996_synpic16446.png,images,val
images/MPX1905_synpic28196.png,images,train
images/MPX2229_synpic28529.png,images,train
images/MPX1381_synpic17623.png,images,train
images/MPX1723_synpic34928.png,images,train
images/MPX2216_synpic34295.png,images,val
images/MPX1507_synpic16282.png,images,train
images/MPX2584_synpic19853.png,images,train
images/MPX1386_synpic38161.png,images,val
images/MPX1737_synpic52867.png,images,train
images/MPX1338_synpic27421.png,images,train
images/MPX1359_synpic29149.png,images,train
images/MPX1251_synpic27560.png,images,train
images/MPX1686_synpic41853.png,images,train
images/MPX2204_synpic23797.png,images,train
images/MPX1781_synpic50633.png,images,test
images/MPX2338_synpic19911.png,images,train
images/MPX1417_synpic24446.png,images,train
images/MPX1056_synpic41084.png,images,train
images/MPX1938_synpic22901.png,images,train
images/MPX1170_synpic19419.png,images,train
images/MPX2367_synpic24362.png,images,test
images/MPX1631_synpic51879.png,images,train
images/MPX1170_synpic19425.png,images,train
images/MPX1711_synpic18542.png,images,train
images/MPX2481_synpic23904.png,images,train
images/MPX2235_synpic20144.png,images,train
images/MPX1420_synpic19078.png,images,train
images/MPX1796_synpic42084.png,images,train
images/MPX1043_synpic47074.png,images,train
images/MPX2425_synpic50896.png,images,train
images/MPX2139_synpic29036.png,images,train
images/MPX2322_synpic28578.png,images,train
images/MPX2442_synpic45439.png,images,train
images/MPX2033_synpic47283.png,images,train
images/MPX2501_synpic43621.png,images,train
images/MPX2483_synpic27405.png,images,val
images/MPX1238_synpic27745.png,images,train
images/MPX2453_synpic23426.png,images,train
images/MPX1788_synpic27143.png,images,val
images/MPX1788_synpic27142.png,images,train
images/MPX2033_synpic47282.png,images,train
images/MPX2425_synpic50897.png,images,train
images/MPX2139_synpic29037.png,images,train
images/MPX1043_synpic47075.png,images,val
images/MPX2601_synpic47423.png,images,test
images/MPX1796_synpic42085.png,images,train
images/MPX1420_synpic19079.png,images,train
images/MPX1086_synpic25222.png,images,train
images/MPX1711_synpic18543.png,images,train
images/MPX2579_synpic12895.png,images,test
images/MPX1879_synpic48758.png,images,train
images/MPX2580_synpic39484.png,images,val
images/MPX1295_synpic17968.png,images,train
images/MPX1212_synpic29914.png,images,train
images/MPX2580_synpic39490.png,images,train
images/MPX1424_synpic18483.png,images,val
images/MPX1170_synpic19424.png,images,val
images/MPX1920_synpic18742.png,images,train
images/MPX1696_synpic51558.png,images,train
images/MPX1631_synpic51878.png,images,train
images/MPX2367_synpic24363.png,images,train
images/MPX1416_synpic50980.png,images,test
images/MPX1604_synpic53489.png,images,train
images/MPX1938_synpic22900.png,images,train
images/MPX2531_synpic41983.png,images,test
images/MPX2487_synpic35914.png,images,train
images/MPX1936_synpic18351.png,images,train
images/MPX2204_synpic23796.png,images,train
images/MPX1159_synpic47786.png,images,train
images/MPX1338_synpic27420.png,images,train
images/MPX1737_synpic52866.png,images,train
images/MPX1686_synpic41852.png,images,train
images/MPX1251_synpic27561.png,images,val
images/MPX1359_synpic29148.png,images,val
images/MPX1507_synpic16283.png,images,test
images/MPX2540_synpic18533.png,images,train
images/MPX1770_synpic23443.png,images,test
images/MPX2519_synpic34369.png,images,train
images/MPX1892_synpic23322.png,images,val
images/MPX1060_synpic19246.png,images,train
images/MPX1792_synpic24221.png,images,train
images/MPX1549_synpic24681.png,images,train
images/MPX1381_synpic17622.png,images,train
images/MPX2255_synpic19025.png,images,train
images/MPX2166_synpic16314.png,images,train
images/MPX2102_synpic51462.png,images,train
images/MPX1601_synpic39462.png,images,val
images/MPX1445_synpic22851.png,images,train
images/MPX1909_synpic16189.png,images,train
images/MPX1084_synpic21716.png,images,train
images/MPX1851_synpic27497.png,images,train
images/MPX1074_synpic24655.png,images,train
images/MPX1387_synpic17045.png,images,test
images/MPX1959_synpic20918.png,images,val
images/MPX1956_synpic55003.png,images,val
images/MPX2592_synpic41582.png,images,train
images/MPX1956_synpic55001.png,images,train
images/MPX1468_synpic41428.png,images,val
images/MPX2558_synpic20828.png,images,val
images/MPX1689_synpic48731.png,images,train
images/MPX1601_synpic39460.png,images,val
images/MPX2521_synpic52394.png,images,train
images/MPX1268_synpic26628.png,images,train
images/MPX1279_synpic24372.png,images,val
images/MPX2449_synpic48161.png,images,val
images/MPX1663_synpic51009.png,images,val
images/MPX1996_synpic16445.png,images,train
images/MPX2102_synpic51448.png,images,train
images/MPX2481_synpic23898.png,images,val
images/MPX1459_synpic43456.png,images,train
images/MPX1048_synpic17415.png,images,train
images/MPX1549_synpic24683.png,images,train
images/MPX1836_synpic18221.png,images,train
images/MPX1272_synpic26877.png,images,train
images/MPX1381_synpic17620.png,images,train
images/MPX2540_synpic18531.png,images,train
images/MPX1139_synpic18561.png,images,train
images/MPX2324_synpic56946.png,images,train
images/MPX1366_synpic22188.png,images,test
images/MPX1033_synpic45450.png,images,train
images/MPX1686_synpic41850.png,images,train
images/MPX1737_synpic52864.png,images,train
images/MPX1412_synpic22158.png,images,train
images/MPX1141_synpic60798.png,images,val
images/MPX1938_synpic22902.png,images,train
images/MPX1417_synpic24445.png,images,train
images/MPX2531_synpic41981.png,images,test
images/MPX1948_synpic46440.png,images,train
images/MPX2127_synpic19440.png,images,val
images/MPX2402_synpic21796.png,images,train
images/MPX1908_synpic57617.png,images,test
images/MPX1170_synpic19426.png,images,val
images/MPX2580_synpic39486.png,images,train
images/MPX2601_synpic47409.png,images,train
images/MPX2579_synpic12897.png,images,train
images/MPX1711_synpic18541.png,images,train
images/MPX1086_synpic25220.png,images,train
images/MPX1796_synpic42087.png,images,train
images/MPX2372_synpic52851.png,images,train
images/MPX2601_synpic47421.png,images,train
images/MPX2501_synpic43622.png,images,train
images/MPX2033_synpic47280.png,images,val
images/MPX2139_synpic29035.png,images,train
images/MPX2425_synpic50895.png,images,val
images/MPX1539_synpic19068.png,images,train
images/MPX2580_synpic39479.png,images,train
images/MPX1716_synpic54798.png,images,val
images/MPX1865_synpic41613.png,images,train
images/MPX2547_synpic23819.png,images,train
images/MPX2533_synpic35402.png,images,train
images/MPX2547_synpic23818.png,images,train
images/MPX2580_synpic39478.png,images,val
images/MPX2501_synpic43623.png,images,train
images/MPX2033_synpic47281.png,images,train
images/MPX2372_synpic52850.png,images,val
images/MPX1796_synpic42086.png,images,train
images/MPX2601_synpic47420.png,images,train
images/MPX2018_synpic16378.png,images,val
images/MPX1043_synpic47076.png,images,train
images/MPX2580_synpic39487.png,images,test
images/MPX2601_synpic47408.png,images,train
images/MPX1086_synpic25221.png,images,train
images/MPX2579_synpic12896.png,images,val
images/MPX1908_synpic57616.png,images,train
images/MPX2402_synpic21797.png,images,val
images/MPX1170_synpic19427.png,images,val
images/MPX2127_synpic19441.png,images,val
images/MPX1706_synpic30080.png,images,train
images/MPX1671_synpic52966.png,images,train
images/MPX1416_synpic50983.png,images,train
images/MPX2358_synpic16279.png,images,train
images/MPX1122_synpic20035.png,images,val
images/MPX1417_synpic24444.png,images,test
images/MPX1193_synpic51669.png,images,train
images/MPX1141_synpic60799.png,images,train
images/MPX1081_synpic24311.png,images,val
images/MPX1412_synpic22159.png,images,train
images/MPX1686_synpic41851.png,images,train
images/MPX1033_synpic45451.png,images,train
images/MPX1737_synpic52865.png,images,train
images/MPX1171_synpic26498.png,images,train
images/MPX1366_synpic22189.png,images,train
images/MPX2171_synpic20416.png,images,train
images/MPX1139_synpic18560.png,images,train
images/MPX1060_synpic19251.png,images,val
images/MPX1375_synpic41151.png,images,val
images/MPX2514_synpic19027.png,images,train
images/MPX1381_synpic17621.png,images,test
images/MPX2147_synpic20509.png,images,test
images/MPX1836_synpic18220.png,images,train
images/MPX1549_synpic24682.png,images,train
images/MPX2481_synpic23899.png,images,train
images/MPX1459_synpic43457.png,images,train
images/MPX1095_synpic19689.png,images,train
images/MPX2102_synpic51449.png,images,train
images/MPX1713_synpic30213.png,images,val
images/MPX1279_synpic24373.png,images,train
images/MPX1996_synpic16444.png,images,train
images/MPX1387_synpic17046.png,images,val
images/MPX1689_synpic48730.png,images,val
images/MPX2558_synpic20829.png,images,train
images/MPX1601_synpic39461.png,images,train
images/MPX2592_synpic41581.png,images,val
images/MPX1468_synpic41429.png,images,train
images/MPX1646_synpic17398.png,images,train
images/MPX1956_synpic55000.png,images,val
images/MPX1191_synpic17426.png,images,test
images/MPX1601_synpic39465.png,images,train
images/MPX1219_synpic14409.png,images,train
images/MPX2521_synpic52391.png,images,train
images/MPX2096_synpic28571.png,images,train
images/MPX1387_synpic17042.png,images,train
images/MPX1601_synpic39459.png,images,train
images/MPX2019_synpic42576.png,images,val
images/MPX2128_synpic28895.png,images,train
images/MPX2399_synpic55890.png,images,val
images/MPX1956_synpic55004.png,images,train
images/MPX2450_synpic55646.png,images,train
images/MPX1986_synpic26293.png,images,train
images/MPX2450_synpic55685.png,images,train
images/MPX1576_synpic46369.png,images,train
images/MPX1253_synpic21241.png,images,train
images/MPX1836_synpic18218.png,images,train
images/MPX1106_synpic45737.png,images,train
images/MPX2562_synpic16800.png,images,train
images/MPX2204_synpic23801.png,images,train
images/MPX1261_synpic15910.png,images,train
images/MPX1289_synpic50618.png,images,train
images/MPX1463_synpic17576.png,images,train
images/MPX2594_synpic20734.png,images,test
images/MPX1686_synpic41855.png,images,val
images/MPX1507_synpic16284.png,images,train
images/MPX2584_synpic19855.png,images,train
images/MPX1114_synpic19630.png,images,test
images/MPX1547_synpic21028.png,images,train
images/MPX1475_synpic40015.png,images,test
images/MPX2540_synpic18534.png,images,train
images/MPX2216_synpic34293.png,images,train
images/MPX2057_synpic50105.png,images,val
images/MPX1631_synpic51880.png,images,val
images/MPX1608_synpic24721.png,images,train
images/MPX2487_synpic35913.png,images,train
images/MPX1781_synpic50635.png,images,train
images/MPX1937_synpic17376.png,images,train
images/MPX1170_synpic19423.png,images,train
images/MPX1424_synpic18484.png,images,train
images/MPX1550_synpic17339.png,images,train
images/MPX2367_synpic24364.png,images,train
images/MPX1495_synpic23460.png,images,train
images/MPX1086_synpic25219.png,images,train
images/MPX1043_synpic47072.png,images,val
images/MPX1285_synpic20838.png,images,train
images/MPX2601_synpic47424.png,images,val
images/MPX2317_synpic27515.png,images,train
images/MPX2579_synpic12892.png,images,train
images/MPX1677_synpic21866.png,images,test
images/MPX1038_synpic20729.png,images,train
images/MPX2067_synpic11184.png,images,train
images/MPX2580_synpic39483.png,images,val
images/MPX2500_synpic23571.png,images,train
images/MPX2601_synpic47418.png,images,val
images/MPX1434_synpic49497.png,images,val
images/MPX2439_synpic32188.png,images,train
images/MPX1519_synpic31548.png,images,train
images/MPX1169_synpic20076.png,images,train
images/MPX1788_synpic27145.png,images,val
images/MPX2176_synpic34067.png,images,train
images/MPX2332_synpic48217.png,images,train
images/MPX2022_synpic51769.png,images,train
images/MPX1998_synpic20793.png,images,train
images/MPX1865_synpic41616.png,images,train
images/MPX2033_synpic47285.png,images,train
images/MPX1184_synpic17448.png,images,train
images/MPX2501_synpic43627.png,images,train
images/MPX2547_synpic23820.png,images,train
images/MPX1109_synpic28526.png,images,train
images/MPX2033_synpic47291.png,images,train
images/MPX1420_synpic19081.png,images,test
images/MPX1420_synpic19080.png,images,train
images/MPX2033_synpic47290.png,images,train
images/MPX2033_synpic47284.png,images,train
images/MPX2501_synpic43626.png,images,train
images/MPX1184_synpic17449.png,images,train
images/MPX1998_synpic20792.png,images,val
images/MPX2022_synpic51768.png,images,val
images/MPX1788_synpic27144.png,images,train
images/MPX2601_synpic47419.png,images,train
images/MPX1434_synpic49496.png,images,train
images/MPX2067_synpic11185.png,images,train
images/MPX1086_synpic25224.png,images,val
images/MPX2500_synpic23570.png,images,train
images/MPX2580_synpic39482.png,images,train
images/MPX2555_synpic14611.png,images,train
images/MPX2317_synpic27514.png,images,train
images/MPX1086_synpic25218.png,images,train
images/MPX2367_synpic24365.png,images,train
images/MPX2046_synpic42117.png,images,train
images/MPX1170_synpic19422.png,images,train
images/MPX1817_synpic52490.png,images,train
images/MPX2463_synpic17003.png,images,train
images/MPX2345_synpic36477.png,images,test
images/MPX2261_synpic13155.png,images,train
images/MPX1781_synpic50634.png,images,val
images/MPX1695_synpic21567.png,images,train
images/MPX2307_synpic19895.png,images,train
images/MPX1412_synpic22160.png,images,test
images/MPX1056_synpic41083.png,images,test
images/MPX1631_synpic51881.png,images,train
images/MPX1938_synpic22899.png,images,train
images/MPX1475_synpic40014.png,images,train
images/MPX2216_synpic34292.png,images,train
images/MPX1114_synpic19631.png,images,train
images/MPX2584_synpic19854.png,images,train
images/MPX2407_synpic48714.png,images,test
images/MPX1902_synpic35488.png,images,train
images/MPX1389_synpic42582.png,images,train
images/MPX1686_synpic41854.png,images,test
images/MPX2594_synpic20735.png,images,train
images/MPX1227_synpic12941.png,images,train
images/MPX1261_synpic15911.png,images,train
images/MPX2328_synpic34951.png,images,train
images/MPX1892_synpic23318.png,images,val
images/MPX1463_synpic17577.png,images,test
images/MPX2028_synpic34049.png,images,train
images/MPX2204_synpic23800.png,images,train
images/MPX1106_synpic45736.png,images,train
images/MPX1836_synpic18219.png,images,train
images/MPX1583_synpic24109.png,images,train
images/MPX2562_synpic16801.png,images,test
images/MPX1750_synpic18487.png,images,train
images/MPX1576_synpic46368.png,images,train
images/MPX1781_synpic50581.png,images,train
images/MPX1733_synpic55196.png,images,val
images/MPX1012_synpic22950.png,images,val
images/MPX2450_synpic55647.png,images,val
images/MPX2019_synpic42577.png,images,train
images/MPX1601_synpic39458.png,images,train
images/MPX1956_synpic55005.png,images,test
images/MPX2399_synpic55891.png,images,train
images/MPX1074_synpic24653.png,images,train
images/MPX1387_synpic17043.png,images,train
images/MPX1601_synpic39464.png,images,val
images/MPX2521_synpic52392.png,images,val
images/MPX1191_synpic17425.png,images,train
images/MPX1601_synpic39466.png,images,test
images/MPX2128_synpic28896.png,images,train
images/MPX2450_synpic55651.png,images,train
images/MPX2019_synpic42575.png,images,train
images/MPX2592_synpic41579.png,images,train
images/MPX2096_synpic28599.png,images,val
images/MPX1199_synpic33608.png,images,test
images/MPX2173_synpic24938.png,images,val
images/MPX2562_synpic16803.png,images,train
images/MPX1118_synpic17088.png,images,test
images/MPX1261_synpic15907.png,images,train
images/MPX1962_synpic25756.png,images,test
images/MPX1442_synpic18717.png,images,train
images/MPX1124_synpic50749.png,images,train
images/MPX1463_synpic17575.png,images,test
images/MPX1227_synpic12943.png,images,train
images/MPX2584_synpic19856.png,images,train
images/MPX2087_synpic16289.png,images,train
images/MPX1686_synpic41856.png,images,train
images/MPX1389_synpic42580.png,images,val
images/MPX1731_synpic35278.png,images,train
images/MPX1737_synpic52862.png,images,train
images/MPX1904_synpic16150.png,images,train
images/MPX1251_synpic27559.png,images,train
images/MPX1195_synpic55737.png,images,train
images/MPX1417_synpic24443.png,images,val
images/MPX2012_synpic45729.png,images,train
images/MPX2288_synpic18789.png,images,train
images/MPX1781_synpic50636.png,images,train
images/MPX2463_synpic17001.png,images,train
images/MPX2294_synpic16805.png,images,train
images/MPX1817_synpic52486.png,images,train
images/MPX1495_synpic23463.png,images,val
images/MPX1416_synpic50984.png,images,test
images/MPX1672_synpic24440.png,images,test
images/MPX2317_synpic27516.png,images,test
images/MPX1301_synpic26169.png,images,val
images/MPX1043_synpic47071.png,images,test
images/MPX2033_synpic47279.png,images,train
images/MPX1879_synpic48748.png,images,train
images/MPX2580_synpic39480.png,images,val
images/MPX1401_synpic16223.png,images,train
images/MPX1239_synpic45229.png,images,train
images/MPX1865_synpic41615.png,images,train
images/MPX2190_synpic57896.png,images,val
images/MPX2176_synpic34064.png,images,val
images/MPX2176_synpic34070.png,images,val
images/MPX2501_synpic43618.png,images,train
images/MPX2064_synpic53130.png,images,train
images/MPX1788_synpic27146.png,images,train
images/MPX2033_synpic47292.png,images,train
images/MPX2501_synpic43624.png,images,val
images/MPX2033_synpic47286.png,images,val
images/MPX2501_synpic43625.png,images,train
images/MPX2033_synpic47287.png,images,train
images/MPX2547_synpic23822.png,images,train
images/MPX2501_synpic43619.png,images,train
images/MPX2176_synpic34071.png,images,train
images/MPX2015_synpic50876.png,images,train
images/MPX1998_synpic20791.png,images,val
images/MPX2176_synpic34065.png,images,train
images/MPX1971_synpic16543.png,images,val
images/MPX2500_synpic23573.png,images,train
images/MPX2580_synpic39481.png,images,train
images/MPX1434_synpic49495.png,images,val
images/MPX1879_synpic48749.png,images,train
images/MPX2548_synpic24222.png,images,train
images/MPX2033_synpic47278.png,images,train
images/MPX1965_synpic30982.png,images,val
images/MPX2317_synpic27517.png,images,test
images/MPX2567_synpic25988.png,images,val
images/MPX2327_synpic59969.png,images,test
images/MPX1495_synpic23462.png,images,train
images/MPX1817_synpic52487.png,images,train
images/MPX1424_synpic18486.png,images,train
images/MPX1170_synpic19421.png,images,train
images/MPX1781_synpic50637.png,images,train
images/MPX1426_synpic41470.png,images,val
images/MPX2288_synpic18788.png,images,train
images/MPX2307_synpic19896.png,images,val
images/MPX2487_synpic35911.png,images,val
images/MPX2531_synpic41986.png,images,train
images/MPX1251_synpic27558.png,images,train
images/MPX2216_synpic34291.png,images,val
images/MPX1386_synpic38159.png,images,train
images/MPX1686_synpic41857.png,images,train
images/MPX1737_synpic52863.png,images,train
images/MPX1114_synpic19632.png,images,train
images/MPX1838_synpic19188.png,images,val
images/MPX1227_synpic12942.png,images,train
images/MPX1683_synpic16678.png,images,train
images/MPX1124_synpic50748.png,images,val
images/MPX1962_synpic25757.png,images,train
images/MPX1118_synpic17089.png,images,val
images/MPX1106_synpic45735.png,images,train
images/MPX1750_synpic18490.png,images,train
images/MPX1279_synpic24375.png,images,train
images/MPX2096_synpic28598.png,images,train
images/MPX1433_synpic52648.png,images,test
images/MPX1733_synpic55195.png,images,train
images/MPX2399_synpic55892.png,images,val
images/MPX1581_synpic20990.png,images,train
images/MPX2450_synpic55650.png,images,train
images/MPX2128_synpic28897.png,images,train
images/MPX1020_synpic17478.png,images,test
images/MPX1387_synpic17040.png,images,val
images/MPX2521_synpic52393.png,images,val
images/MPX1219_synpic14406.png,images,test
images/MPX2425_synpic50900.png,images,train
images/MPX2193_synpic42197.png,images,train
images/MPX1191_synpic17429.png,images,train
images/MPX1084_synpic21722.png,images,train
images/MPX1601_synpic39456.png,images,train
images/MPX1379_synpic17763.png,images,train
images/MPX2450_synpic55649.png,images,train
images/MPX1581_synpic20989.png,images,train
images/MPX1886_synpic15650.png,images,train
images/MPX2229_synpic28534.png,images,val
images/MPX2301_synpic45808.png,images,train
images/MPX1756_synpic41199.png,images,train
images/MPX1576_synpic46372.png,images,train
images/MPX1199_synpic33610.png,images,val
images/MPX1576_synpic46366.png,images,train
images/MPX2028_synpic34053.png,images,train
images/MPX1583_synpic24107.png,images,train
images/MPX2446_synpic4182.png,images,train
images/MPX1118_synpic17090.png,images,val
images/MPX2326_synpic52459.png,images,train
images/MPX1255_synpic18243.png,images,train
images/MPX1387_synpic17501.png,images,train
images/MPX1725_synpic24164.png,images,train
images/MPX1892_synpic23316.png,images,train
images/MPX1548_synpic17636.png,images,train
images/MPX1884_synpic21853.png,images,test
images/MPX1124_synpic50745.png,images,train
images/MPX1523_synpic23557.png,images,train
images/MPX1251_synpic27555.png,images,train
images/MPX1686_synpic41866.png,images,train
images/MPX1115_synpic23840.png,images,val
images/MPX1171_synpic26487.png,images,train
images/MPX1185_synpic17344.png,images,val
images/MPX1007_synpic46722.png,images,test
images/MPX1643_synpic24557.png,images,train
images/MPX2314_synpic20230.png,images,train
images/MPX2046_synpic42119.png,images,val
images/MPX1371_synpic20122.png,images,train
images/MPX2294_synpic16809.png,images,train
images/MPX1670_synpic39561.png,images,train
images/MPX2557_synpic17083.png,images,train
images/MPX2327_synpic59970.png,images,val
images/MPX1677_synpic21841.png,images,train
images/MPX2567_synpic25985.png,images,train
images/MPX1879_synpic48750.png,images,test
images/MPX1519_synpic31547.png,images,train
images/MPX1034_synpic39422.png,images,val
images/MPX2236_synpic18695.png,images,train
images/MPX2421_synpic27129.png,images,train
images/MPX1879_synpic48744.png,images,train
images/MPX2022_synpic51772.png,images,train
images/MPX2022_synpic51766.png,images,train
images/MPX2332_synpic48218.png,images,train
images/MPX2176_synpic34068.png,images,train
images/MPX1275_synpic54182.png,images,test
images/MPX2501_synpic43628.png,images,train
images/MPX1184_synpic17447.png,images,train
images/MPX1467_synpic21883.png,images,val
images/MPX2084_synpic40680.png,images,test
images/MPX2084_synpic40681.png,images,train
images/MPX1184_synpic17446.png,images,train
images/MPX1467_synpic21882.png,images,train
images/MPX2022_synpic51767.png,images,val
images/MPX2176_synpic34069.png,images,test
images/MPX2580_synpic39472.png,images,train
images/MPX1539_synpic19063.png,images,train
images/MPX2547_synpic23806.png,images,train
images/MPX1879_synpic48745.png,images,train
images/MPX1464_synpic35497.png,images,train
images/MPX1879_synpic48751.png,images,train
images/MPX1038_synpic20727.png,images,train
images/MPX1754_synpic51426.png,images,train
images/MPX2567_synpic25984.png,images,train
images/MPX1544_synpic54563.png,images,val
images/MPX2327_synpic59971.png,images,train
images/MPX1862_synpic19661.png,images,train
images/MPX1670_synpic39560.png,images,val
images/MPX1237_synpic28520.png,images,test
images/MPX2046_synpic42118.png,images,val
images/MPX2043_synpic17061.png,images,train
images/MPX2314_synpic20231.png,images,train
images/MPX1319_synpic47475.png,images,train
images/MPX2288_synpic18790.png,images,train
images/MPX2228_synpic15174.png,images,test
images/MPX2012_synpic45730.png,images,train
images/MPX1941_synpic24520.png,images,val
images/MPX1229_synpic22020.png,images,train
images/MPX2487_synpic35909.png,images,train
images/MPX1028_synpic24641.png,images,train
images/MPX2407_synpic48727.png,images,train
images/MPX2078_synpic35706.png,images,train
images/MPX2150_synpic30986.png,images,train
images/MPX1251_synpic27554.png,images,val
images/MPX2269_synpic17845.png,images,val
images/MPX1171_synpic26486.png,images,train
images/MPX1523_synpic23556.png,images,test
images/MPX2087_synpic16290.png,images,train
images/MPX1174_synpic18376.png,images,val
images/MPX1884_synpic21852.png,images,train
images/MPX1548_synpic17637.png,images,train
images/MPX1124_synpic50744.png,images,val
images/MPX1124_synpic50750.png,images,train
images/MPX1463_synpic17578.png,images,val
images/MPX1892_synpic23317.png,images,train
images/MPX1725_synpic24165.png,images,val
images/MPX1387_synpic17500.png,images,val
images/MPX2173_synpic24935.png,images,train
images/MPX2028_synpic34052.png,images,train
images/MPX2006_synpic21120.png,images,test
images/MPX1810_synpic42071.png,images,train
images/MPX1487_synpic24425.png,images,test
images/MPX1928_synpic17867.png,images,train
images/MPX1782_synpic50939.png,images,train
images/MPX1576_synpic46367.png,images,val
images/MPX1750_synpic18488.png,images,train
images/MPX2335_synpic38842.png,images,train
images/MPX1954_synpic27245.png,images,train
images/MPX1576_synpic46373.png,images,train
images/MPX2301_synpic45809.png,images,train
images/MPX1379_synpic17762.png,images,test
images/MPX1886_synpic15651.png,images,train
images/MPX1581_synpic20988.png,images,train
images/MPX2450_synpic55648.png,images,train
images/MPX1601_synpic39457.png,images,train
images/MPX2019_synpic42578.png,images,train
images/MPX1264_synpic32981.png,images,train
images/MPX2425_synpic50901.png,images,val
images/MPX1219_synpic14407.png,images,train
images/MPX2193_synpic42196.png,images,train
images/MPX2066_synpic26219.png,images,train
images/MPX1152_synpic20557.png,images,train
images/MPX2193_synpic42194.png,images,train
images/MPX2425_synpic50903.png,images,train
images/MPX1379_synpic17760.png,images,train
images/MPX1601_synpic39455.png,images,train
images/MPX1012_synpic22949.png,images,val
images/MPX2595_synpic51007.png,images,val
images/MPX1576_synpic46365.png,images,train
images/MPX1576_synpic46371.png,images,train
images/MPX2016_synpic24560.png,images,train
images/MPX2335_synpic38840.png,images,train
images/MPX2173_synpic24937.png,images,train
images/MPX1583_synpic24110.png,images,val
images/MPX2028_synpic34050.png,images,train
images/MPX1683_synpic16676.png,images,train
images/MPX1124_synpic50746.png,images,train
images/MPX1261_synpic15908.png,images,train
images/MPX1884_synpic21850.png,images,test
images/MPX1892_synpic23315.png,images,train
images/MPX1424_synpic17817.png,images,train
images/MPX1838_synpic19186.png,images,train
images/MPX1182_synpic20289.png,images,train
images/MPX1272_synpic26881.png,images,train
images/MPX1731_synpic35277.png,images,val
images/MPX1677_synpic22032.png,images,test
images/MPX2150_synpic30984.png,images,train
images/MPX2078_synpic35704.png,images,val
images/MPX1714_synpic20232.png,images,val
images/MPX2407_synpic48725.png,images,train
images/MPX1251_synpic27556.png,images,train
images/MPX2336_synpic49839.png,images,train
images/MPX1706_synpic30077.png,images,train
images/MPX1195_synpic55738.png,images,test
images/MPX1941_synpic24522.png,images,train
images/MPX1007_synpic46721.png,images,train
images/MPX1319_synpic47477.png,images,train
images/MPX1346_synpic22506.png,images,train
images/MPX2007_synpic18261.png,images,train
images/MPX1254_synpic21659.png,images,train
images/MPX1817_synpic52489.png,images,train
images/MPX2327_synpic59973.png,images,train
images/MPX2327_synpic59967.png,images,train
images/MPX1862_synpic19663.png,images,train
images/MPX2567_synpic25986.png,images,train
images/MPX1432_synpic21430.png,images,train
images/MPX1677_synpic21842.png,images,val
images/MPX2317_synpic27519.png,images,train
images/MPX2183_synpic43439.png,images,train
images/MPX2144_synpic36252.png,images,test
images/MPX1879_synpic48747.png,images,train
images/MPX1038_synpic20731.png,images,val
images/MPX1519_synpic31550.png,images,train
images/MPX1879_synpic48753.png,images,val
images/MPX2547_synpic23810.png,images,train
images/MPX2485_synpic24205.png,images,val
images/MPX2501_synpic43617.png,images,train
images/MPX1184_synpic17450.png,images,train
images/MPX2033_synpic47289.png,images,train
images/MPX1467_synpic21881.png,images,train
images/MPX2033_synpic47288.png,images,train
images/MPX1408_synpic23222.png,images,train
images/MPX2084_synpic40682.png,images,train
images/MPX2485_synpic24204.png,images,train
images/MPX2022_synpic51770.png,images,train
images/MPX2501_synpic43616.png,images,train
images/MPX1282_synpic19929.png,images,train
images/MPX1879_synpic48752.png,images,test
images/MPX1879_synpic48746.png,images,train
images/MPX1038_synpic20730.png,images,val
images/MPX1053_synpic39272.png,images,train
images/MPX2183_synpic43438.png,images,train
images/MPX2567_synpic25987.png,images,train
images/MPX2481_synpic23927.png,images,train
images/MPX2317_synpic27518.png,images,train
images/MPX1677_synpic21843.png,images,val
images/MPX2327_synpic59966.png,images,train
images/MPX2308_synpic24663.png,images,train
images/MPX1862_synpic19662.png,images,train
images/MPX1478_synpic17566.png,images,train
images/MPX2327_synpic59972.png,images,test
images/MPX1120_synpic24332.png,images,train
images/MPX1817_synpic52488.png,images,train
images/MPX2043_synpic17062.png,images,train
images/MPX1371_synpic20120.png,images,val
images/MPX1254_synpic21658.png,images,train
images/MPX1397_synpic31411.png,images,train
images/MPX1346_synpic22507.png,images,val
images/MPX1319_synpic47476.png,images,test
images/MPX2288_synpic18787.png,images,test
images/MPX1007_synpic46720.png,images,train
images/MPX1941_synpic24523.png,images,val
images/MPX1195_synpic55739.png,images,train
images/MPX2336_synpic49838.png,images,train
images/MPX1171_synpic26485.png,images,train
images/MPX2315_synpic16524.png,images,train
images/MPX1251_synpic27557.png,images,train
images/MPX2269_synpic17846.png,images,train
images/MPX1714_synpic20233.png,images,train
images/MPX2078_synpic35705.png,images,train
images/MPX2150_synpic30985.png,images,val
images/MPX1723_synpic34923.png,images,train
images/MPX1731_synpic35276.png,images,val
images/MPX1174_synpic18375.png,images,train
images/MPX1686_synpic41858.png,images,train
images/MPX1272_synpic26880.png,images,train
images/MPX1838_synpic19187.png,images,test
images/MPX1892_synpic23314.png,images,val
images/MPX1289_synpic50615.png,images,train
images/MPX1124_synpic50747.png,images,val
images/MPX1683_synpic16677.png,images,train
images/MPX1884_synpic21851.png,images,val
images/MPX1725_synpic24172.png,images,train
images/MPX1583_synpic24105.png,images,train
images/MPX1810_synpic42072.png,images,train
images/MPX1583_synpic24111.png,images,train
images/MPX2173_synpic24936.png,images,val
images/MPX1433_synpic52647.png,images,val
images/MPX1576_synpic46370.png,images,train
images/MPX2352_synpic17766.png,images,train
images/MPX1954_synpic27246.png,images,train
images/MPX2595_synpic51006.png,images,val
images/MPX1663_synpic51015.png,images,val
images/MPX2229_synpic28536.png,images,val
images/MPX1574_synpic16361.png,images,train
images/MPX2128_synpic28898.png,images,train
images/MPX1084_synpic21720.png,images,train
images/MPX1379_synpic17761.png,images,train
images/MPX2185_synpic16672.png,images,test
images/MPX2193_synpic42195.png,images,train
images/MPX2425_synpic50902.png,images,train
images/MPX1219_synpic14410.png,images,train
images/MPX1993_synpic23559.png,images,train
images/MPX1020_synpic17477.png,images,val
images/MPX2066_synpic26220.png,images,val
images/MPX1342_synpic16787.png,images,train
images/MPX1646_synpic17395.png,images,val
images/MPX1379_synpic17759.png,images,train
images/MPX2558_synpic20830.png,images,train
images/MPX1851_synpic27499.png,images,train
images/MPX2193_synpic42191.png,images,test
images/MPX1909_synpic16187.png,images,train
images/MPX1675_synpic21668.png,images,train
images/MPX2480_synpic21360.png,images,val
images/MPX2049_synpic20940.png,images,train
images/MPX1095_synpic19690.png,images,train
images/MPX2102_synpic51450.png,images,train
images/MPX2272_synpic148.png,images,val
images/MPX1574_synpic16371.png,images,train
images/MPX1264_synpic32979.png,images,train
images/MPX2229_synpic28532.png,images,train
images/MPX1124_synpic50743.png,images,val
images/MPX1652_synpic43724.png,images,val
images/MPX1779_synpic18321.png,images,train
images/MPX1375_synpic41148.png,images,val
images/MPX2028_synpic34055.png,images,val
images/MPX1214_synpic1100.png,images,train
images/MPX2407_synpic48720.png,images,test
images/MPX1460_synpic27176.png,images,train
images/MPX1366_synpic22190.png,images,train
images/MPX1274_synpic35537.png,images,test
images/MPX1251_synpic27553.png,images,val
images/MPX2315_synpic16520.png,images,train
images/MPX1686_synpic41860.png,images,val
images/MPX1908_synpic57747.png,images,train
images/MPX2355_synpic52992.png,images,train
images/MPX2204_synpic23798.png,images,val
images/MPX2454_synpic39850.png,images,train
images/MPX1117_synpic15330.png,images,train
images/MPX1067_synpic16962.png,images,train
images/MPX1631_synpic51876.png,images,train
images/MPX2557_synpic17085.png,images,train
images/MPX1924_synpic19605.png,images,train
images/MPX1295_synpic17966.png,images,val
images/MPX2601_synpic47411.png,images,train
images/MPX1879_synpic48742.png,images,train
images/MPX2601_synpic47405.png,images,train
images/MPX1879_synpic48756.png,images,train
images/MPX1186_synpic46969.png,images,val
images/MPX1754_synpic51421.png,images,train
images/MPX2372_synpic52849.png,images,val
images/MPX2322_synpic28577.png,images,train
images/MPX2532_synpic23156.png,images,train
images/MPX1135_synpic16705.png,images,train
images/MPX2425_synpic50899.png,images,test
images/MPX1467_synpic21885.png,images,test
images/MPX2453_synpic23429.png,images,train
images/MPX2547_synpic23815.png,images,train
images/MPX1539_synpic19070.png,images,val
images/MPX2580_synpic39475.png,images,train
images/MPX1539_synpic19064.png,images,val
images/MPX2572_synpic17802.png,images,train
images/MPX2580_synpic39474.png,images,train
images/MPX1539_synpic19065.png,images,train
images/MPX2453_synpic23428.png,images,test
images/MPX2547_synpic23814.png,images,val
images/MPX1467_synpic21884.png,images,train
images/MPX1135_synpic16704.png,images,train
images/MPX2532_synpic23157.png,images,train
images/MPX2139_synpic29038.png,images,train
images/MPX2322_synpic28576.png,images,train
images/MPX2425_synpic50898.png,images,val
images/MPX1544_synpic54565.png,images,train
images/MPX2391_synpic17893.png,images,train
images/MPX1879_synpic48757.png,images,test
images/MPX2601_synpic47404.png,images,train
images/MPX1702_synpic25371.png,images,train
images/MPX1519_synpic31540.png,images,train
images/MPX1879_synpic48743.png,images,val
images/MPX2601_synpic47410.png,images,train
images/MPX1295_synpic17967.png,images,train
images/MPX2236_synpic18692.png,images,train
images/MPX1924_synpic19604.png,images,train
images/MPX1631_synpic51877.png,images,train
images/MPX2557_synpic17084.png,images,test
images/MPX1363_synpic43239.png,images,train
images/MPX2570_synpic18867.png,images,val
images/MPX1371_synpic20119.png,images,train
images/MPX2282_synpic35352.png,images,train
images/MPX2039_synpic18750.png,images,train
images/MPX1007_synpic46719.png,images,train
images/MPX2204_synpic23799.png,images,train
images/MPX2355_synpic52993.png,images,train
images/MPX2315_synpic16521.png,images,val
images/MPX1251_synpic27552.png,images,val
images/MPX1274_synpic35536.png,images,val
images/MPX1366_synpic22191.png,images,train
images/MPX1908_synpic57746.png,images,test
images/MPX2407_synpic48721.png,images,train
images/MPX1214_synpic1101.png,images,train
images/MPX1185_synpic17343.png,images,val
images/MPX1723_synpic34926.png,images,val
images/MPX2386_synpic23826.png,images,train
images/MPX2028_synpic34054.png,images,train
images/MPX1375_synpic41149.png,images,train
images/MPX2427_synpic4862.png,images,train
images/MPX1892_synpic23311.png,images,train
images/MPX1652_synpic43725.png,images,train
images/MPX1884_synpic21854.png,images,train
images/MPX1124_synpic50742.png,images,train
images/MPX2229_synpic28533.png,images,train
images/MPX1095_synpic19691.png,images,train
images/MPX1574_synpic16370.png,images,train
images/MPX1675_synpic21669.png,images,train
images/MPX1851_synpic27498.png,images,train
images/MPX1909_synpic16186.png,images,train
images/MPX2558_synpic20831.png,images,train
images/MPX1379_synpic17764.png,images,train
images/MPX2066_synpic26221.png,images,train
images/MPX1342_synpic16786.png,images,train
images/MPX2193_synpic42192.png,images,train
images/MPX2558_synpic20827.png,images,train
images/MPX2425_synpic50905.png,images,test
images/MPX1045_synpic46887.png,images,val
images/MPX1468_synpic41396.png,images,train
images/MPX1349_synpic45566.png,images,train
images/MPX2229_synpic28531.png,images,train
images/MPX1459_synpic43459.png,images,train
images/MPX2102_synpic51453.png,images,val
images/MPX1892_synpic23313.png,images,train
images/MPX1075_synpic20513.png,images,train
images/MPX2278_synpic32998.png,images,train
images/MPX1124_synpic50740.png,images,test
images/MPX1272_synpic26878.png,images,train
images/MPX1980_synpic34950.png,images,train
images/MPX1908_synpic57744.png,images,train
images/MPX2519_synpic34370.png,images,train
images/MPX2315_synpic16523.png,images,train
images/MPX1460_synpic27175.png,images,train
images/MPX2324_synpic56949.png,images,train
images/MPX2093_synpic26837.png,images,train
images/MPX1723_synpic34924.png,images,val
images/MPX2407_synpic48723.png,images,test
images/MPX2000_synpic35440.png,images,train
images/MPX2039_synpic18752.png,images,val
images/MPX1412_synpic22157.png,images,train
images/MPX2282_synpic35350.png,images,train
images/MPX1193_synpic51667.png,images,train
images/MPX2557_synpic17086.png,images,val
images/MPX2046_synpic42120.png,images,val
images/MPX2327_synpic59975.png,images,train
images/MPX2570_synpic18865.png,images,train
images/MPX2234_synpic18505.png,images,train
images/MPX2131_synpic27159.png,images,train
images/MPX1924_synpic19606.png,images,train
images/MPX1702_synpic25373.png,images,train
images/MPX1472_synpic19581.png,images,train
images/MPX2601_synpic47406.png,images,train
images/MPX1879_synpic48755.png,images,train
images/MPX1295_synpic17965.png,images,train
images/MPX2601_synpic47412.png,images,train
images/MPX1879_synpic48741.png,images,train
images/MPX2586_synpic16999.png,images,val
images/MPX2144_synpic36254.png,images,train
images/MPX1677_synpic21844.png,images,train
images/MPX1796_synpic42088.png,images,train
images/MPX1506_synpic37594.png,images,val
images/MPX1754_synpic51422.png,images,train
images/MPX1135_synpic16706.png,images,train
images/MPX1539_synpic19067.png,images,train
images/MPX2580_synpic39476.png,images,train
images/MPX2547_synpic23816.png,images,train
images/MPX1136_synpic46363.png,images,train
images/MPX1539_synpic19066.png,images,val
images/MPX2572_synpic17801.png,images,train
images/MPX2580_synpic39477.png,images,train
images/MPX2532_synpic23154.png,images,train
images/MPX2322_synpic28575.png,images,val
images/MPX2483_synpic27408.png,images,train
images/MPX2018_synpic16377.png,images,val
images/MPX1754_synpic51423.png,images,val
images/MPX1677_synpic21845.png,images,train
images/MPX1544_synpic54566.png,images,test
images/MPX2586_synpic17310.png,images,train
images/MPX1879_synpic48740.png,images,train
images/MPX2601_synpic47413.png,images,val
images/MPX1295_synpic17964.png,images,train
images/MPX1879_synpic48754.png,images,train
images/MPX2601_synpic47407.png,images,train
images/MPX1170_synpic19428.png,images,train
images/MPX2402_synpic21798.png,images,train
images/MPX1908_synpic57619.png,images,train
images/MPX2043_synpic17064.png,images,val
images/MPX2460_synpic17266.png,images,test
images/MPX2327_synpic59974.png,images,train
images/MPX1193_synpic51666.png,images,val
images/MPX1235_synpic16212.png,images,train
images/MPX1936_synpic18349.png,images,train
images/MPX1941_synpic24519.png,images,train
images/MPX2039_synpic18753.png,images,train
images/MPX2355_synpic52990.png,images,train
images/MPX1922_synpic24915.png,images,val
images/MPX2276_synpic35908.png,images,train
images/MPX1366_synpic22186.png,images,train
images/MPX2324_synpic56948.png,images,val
images/MPX2307_synpic19900.png,images,train
images/MPX2407_synpic48722.png,images,train
images/MPX1171_synpic26497.png,images,train
images/MPX2315_synpic16522.png,images,train
images/MPX2514_synpic19028.png,images,train
images/MPX1272_synpic26879.png,images,train
images/MPX1124_synpic50741.png,images,train
images/MPX2427_synpic4861.png,images,train
images/MPX2102_synpic51452.png,images,val
images/MPX2229_synpic28530.png,images,train
images/MPX1325_synpic22299.png,images,test
images/MPX1923_synpic23831.png,images,train
images/MPX1663_synpic51013.png,images,train
images/MPX2558_synpic20832.png,images,train
images/MPX1592_synpic40521.png,images,train
images/MPX1045_synpic46886.png,images,test
images/MPX2508_synpic17381.png,images,train
images/MPX2193_synpic42193.png,images,val
images/MPX2425_synpic50904.png,images,train
images/MPX2558_synpic20826.png,images,train
images/MPX2066_synpic26222.png,images,train
images/MPX1094_synpic21793.png,images,train
images/MPX1648_synpic20206.png,images,train
images/MPX1646_synpic17397.png,images,test
images/MPX1560_synpic52005.png,images,train
images/MPX2488_synpic24858.png,images,test
images/MPX1390_synpic29159.png,images,train
images/MPX2292_synpic43611.png,images,train
images/MPX1132_synpic23654.png,images,test
images/MPX1570_synpic49447.png,images,val
images/MPX2305_synpic45396.png,images,train
images/MPX1236_synpic26278.png,images,train
images/MPX2347_synpic39279.png,images,train
images/MPX2390_synpic36479.png,images,train
images/MPX2433_synpic48295.png,images,test
images/MPX2428_synpic46474.png,images,train
images/MPX2478_synpic18340.png,images,val
images/MPX2606_synpic25197.png,images,train
images/MPX1172_synpic19490.png,images,train
images/MPX1628_synpic41585.png,images,train
images/MPX2498_synpic24423.png,images,train
images/MPX2319_synpic22062.png,images,train
images/MPX2441_synpic24605.png,images,train
images/MPX1220_synpic29028.png,images,train
images/MPX2507_synpic50871.png,images,train
images/MPX2155_synpic22532.png,images,train
images/MPX1320_synpic40715.png,images,train
images/MPX1333_synpic44971.png,images,train
images/MPX2518_synpic39509.png,images,train
images/MPX2215_synpic48403.png,images,train
images/MPX2142_synpic20380.png,images,train
images/MPX2239_synpic41018.png,images,val
images/MPX2065_synpic46279.png,images,train
images/MPX2528_synpic16721.png,images,train
images/MPX1274_synpic35546.png,images,test
images/MPX1980_synpic34842.png,images,train
images/MPX2461_synpic37573.png,images,train
images/MPX2077_synpic51021.png,images,test
images/MPX2158_synpic19196.png,images,train
images/MPX1873_synpic28988.png,images,val
images/MPX1709_synpic34688.png,images,train
images/MPX2134_synpic57588.png,images,val
images/MPX1984_synpic34426.png,images,train
images/MPX1609_synpic19720.png,images,train
images/MPX1231_synpic27572.png,images,val
images/MPX2175_synpic59077.png,images,test
images/MPX1285_synpic20840.png,images,train
images/MPX2094_synpic31722.png,images,train
images/MPX1249_synpic24701.png,images,train
images/MPX2175_synpic59063.png,images,train
images/MPX2385_synpic27526.png,images,train
images/MPX2376_synpic33075.png,images,train
images/MPX1559_synpic34909.png,images,train
images/MPX1410_synpic19226.png,images,train
images/MPX1312_synpic26479.png,images,val
images/MPX1130_synpic41032.png,images,train
images/MPX1769_synpic15560.png,images,train
images/MPX2195_synpic4104.png,images,train
images/MPX1130_synpic41026.png,images,train
images/MPX1952_synpic21353.png,images,train
images/MPX1014_synpic41747.png,images,train
images/MPX2388_synpic34949.png,images,train
images/MPX2442_synpic45447.png,images,train
images/MPX1213_synpic10590.png,images,train
images/MPX1009_synpic46295.png,images,train
images/MPX2233_synpic17324.png,images,val
images/MPX1213_synpic10585.png,images,train
images/MPX2442_synpic45446.png,images,train
images/MPX1213_synpic10591.png,images,val
images/MPX1014_synpic41746.png,images,train
images/MPX1952_synpic21352.png,images,train
images/MPX1130_synpic41027.png,images,train
images/MPX2195_synpic4105.png,images,train
images/MPX1123_synpic24317.png,images,val
images/MPX2388_synpic34948.png,images,train
images/MPX1312_synpic26478.png,images,train
images/MPX1528_synpic16718.png,images,val
images/MPX1039_synpic34350.png,images,test
images/MPX1031_synpic20041.png,images,val
images/MPX1860_synpic46093.png,images,train
images/MPX2175_synpic59062.png,images,train
images/MPX2094_synpic31723.png,images,train
images/MPX2175_synpic59076.png,images,val
images/MPX1309_synpic15871.png,images,train
images/MPX1613_synpic45595.png,images,val
images/MPX1087_synpic34297.png,images,train
images/MPX1429_synpic46945.png,images,train
images/MPX1284_synpic35420.png,images,val
images/MPX1095_synpic18844.png,images,train
images/MPX2134_synpic57589.png,images,train
images/MPX1873_synpic28989.png,images,test
images/MPX2435_synpic24449.png,images,train
images/MPX2158_synpic19197.png,images,train
images/MPX1809_synpic17628.png,images,train
images/MPX1284_synpic35434.png,images,train
images/MPX1259_synpic52409.png,images,val
images/MPX2456_synpic54568.png,images,train
images/MPX1956_synpic54997.png,images,val
images/MPX2077_synpic51020.png,images,train
images/MPX1980_synpic34843.png,images,val
images/MPX2502_synpic24910.png,images,train
images/MPX2528_synpic16720.png,images,train
images/MPX2031_synpic38144.png,images,train
images/MPX2065_synpic46278.png,images,train
images/MPX2142_synpic20381.png,images,train
images/MPX2239_synpic41019.png,images,val
images/MPX2347_synpic39720.png,images,train
images/MPX1384_synpic49843.png,images,train
images/MPX2155_synpic22533.png,images,train
images/MPX2215_synpic48402.png,images,train
images/MPX2518_synpic39508.png,images,val
images/MPX1333_synpic44970.png,images,train
images/MPX1320_synpic40714.png,images,val
images/MPX1220_synpic29029.png,images,test
images/MPX2160_synpic47795.png,images,train
images/MPX1997_synpic21435.png,images,train
images/MPX2507_synpic50870.png,images,train
images/MPX2073_synpic12212.png,images,train
images/MPX2351_synpic45944.png,images,train
images/MPX2319_synpic22063.png,images,test
images/MPX1628_synpic41584.png,images,train
images/MPX2586_synpic17000.png,images,train
images/MPX1172_synpic19491.png,images,train
images/MPX1513_synpic24287.png,images,val
images/MPX2428_synpic46475.png,images,test
images/MPX2433_synpic48294.png,images,train
images/MPX1787_synpic25265.png,images,train
images/MPX1236_synpic26279.png,images,train
images/MPX2281_synpic37388.png,images,train
images/MPX1570_synpic49446.png,images,val
images/MPX1390_synpic29158.png,images,test
images/MPX2488_synpic24859.png,images,train
images/MPX1560_synpic52010.png,images,test
images/MPX2292_synpic43610.png,images,train
images/MPX1807_synpic21706.png,images,train
images/MPX1750_synpic18372.png,images,train
images/MPX2083_synpic52355.png,images,val
images/MPX1930_synpic40643.png,images,train
images/MPX2083_synpic52357.png,images,train
images/MPX2292_synpic43612.png,images,train
images/MPX2001_synpic23578.png,images,train
images/MPX2550_synpic18049.png,images,train
images/MPX1481_synpic30242.png,images,val
images/MPX2350_synpic30204.png,images,train
images/MPX2305_synpic45395.png,images,train
images/MPX1570_synpic49450.png,images,train
images/MPX2330_synpic15177.png,images,test
images/MPX2428_synpic46477.png,images,test
images/MPX2433_synpic48296.png,images,val
images/MPX2006_synpic21155.png,images,train
images/MPX2498_synpic24420.png,images,train
images/MPX1628_synpic41586.png,images,train
images/MPX1172_synpic19493.png,images,train
images/MPX2507_synpic50872.png,images,train
images/MPX1957_synpic41669.png,images,train
images/MPX1997_synpic21437.png,images,train
images/MPX2319_synpic22061.png,images,train
images/MPX2441_synpic24606.png,images,train
images/MPX2544_synpic55624.png,images,train
images/MPX1333_synpic44972.png,images,train
images/MPX2528_synpic16722.png,images,train
images/MPX1775_synpic21378.png,images,val
images/MPX1028_synpic24634.png,images,val
images/MPX2056_synpic35393.png,images,train
images/MPX2077_synpic51022.png,images,train
images/MPX1956_synpic54995.png,images,train
images/MPX1735_synpic16739.png,images,train
images/MPX1581_synpic21017.png,images,train
images/MPX1164_synpic33084.png,images,train
images/MPX1791_synpic21758.png,images,train
images/MPX1980_synpic34841.png,images,val
images/MPX1154_synpic53544.png,images,val
images/MPX1710_synpic50481.png,images,test
images/MPX1613_synpic45597.png,images,val
images/MPX1610_synpic51799.png,images,train
images/MPX1429_synpic46947.png,images,train
images/MPX2094_synpic31721.png,images,test
images/MPX2119_synpic56350.png,images,train
images/MPX2175_synpic59060.png,images,train
images/MPX1319_synpic46246.png,images,test
images/MPX2494_synpic20417.png,images,val
images/MPX2175_synpic59074.png,images,val
images/MPX2284_synpic23330.png,images,train
images/MPX2448_synpic26310.png,images,train
images/MPX2376_synpic33076.png,images,val
images/MPX1454_synpic24718.png,images,train
images/MPX2385_synpic27525.png,images,train
images/MPX1233_synpic51028.png,images,train
images/MPX1130_synpic41025.png,images,train
images/MPX1967_synpic15352.png,images,train
images/MPX1130_synpic41031.png,images,train
images/MPX1911_synpic23328.png,images,train
images/MPX1410_synpic19225.png,images,test
images/MPX2097_synpic19229.png,images,train
images/MPX2027_synpic46464.png,images,train
images/MPX1213_synpic10587.png,images,train
images/MPX2442_synpic45444.png,images,train
images/MPX1009_synpic46283.png,images,train
images/MPX1568_synpic21206.png,images,train
images/MPX2442_synpic45445.png,images,train
images/MPX1213_synpic10586.png,images,train
images/MPX2027_synpic46465.png,images,val
images/MPX2097_synpic19228.png,images,train
images/MPX1538_synpic41609.png,images,train
images/MPX1130_synpic41030.png,images,val
images/MPX1793_synpic41476.png,images,train
images/MPX1410_synpic19224.png,images,val
images/MPX1014_synpic41745.png,images,test
images/MPX1130_synpic41024.png,images,train
images/MPX1952_synpic21351.png,images,train
images/MPX2195_synpic4106.png,images,val
images/MPX2027_synpic46459.png,images,val
images/MPX2385_synpic27524.png,images,test
images/MPX1454_synpic24719.png,images,train
images/MPX1039_synpic34353.png,images,val
images/MPX1312_synpic26484.png,images,train
images/MPX1233_synpic51029.png,images,train
images/MPX1039_synpic34347.png,images,train
images/MPX2284_synpic23331.png,images,train
images/MPX2376_synpic33077.png,images,train
images/MPX2448_synpic26311.png,images,val
images/MPX2175_synpic59075.png,images,train
images/MPX2175_synpic59061.png,images,train
images/MPX2094_synpic31720.png,images,test
images/MPX1429_synpic46946.png,images,val
images/MPX1613_synpic45596.png,images,train
images/MPX2603_synpic15933.png,images,train
images/MPX1610_synpic51798.png,images,train
images/MPX2051_synpic26329.png,images,train
images/MPX1581_synpic21016.png,images,val
images/MPX1735_synpic16738.png,images,test
images/MPX1980_synpic34840.png,images,train
images/MPX1791_synpic21759.png,images,train
images/MPX1956_synpic54994.png,images,train
images/MPX2423_synpic20203.png,images,train
images/MPX2077_synpic51023.png,images,val
images/MPX2479_synpic24743.png,images,train
images/MPX2379_synpic34083.png,images,train
images/MPX1028_synpic24635.png,images,test
images/MPX2528_synpic16723.png,images,val
images/MPX1333_synpic44973.png,images,train
images/MPX1276_synpic54950.png,images,train
images/MPX2458_synpic24148.png,images,train
images/MPX1333_synpic44967.png,images,train
images/MPX1738_synpic19950.png,images,train
images/MPX2441_synpic24607.png,images,val
images/MPX1202_synpic34351.png,images,train
images/MPX2507_synpic50867.png,images,train
images/MPX1957_synpic41668.png,images,train
images/MPX2507_synpic50873.png,images,val
images/MPX1997_synpic21436.png,images,train
images/MPX2606_synpic25195.png,images,train
images/MPX2478_synpic18342.png,images,train
images/MPX2498_synpic24421.png,images,train
images/MPX2433_synpic48297.png,images,train
images/MPX2428_synpic46476.png,images,test
images/MPX1787_synpic25266.png,images,train
images/MPX2305_synpic45394.png,images,train
images/MPX2349_synpic26328.png,images,val
images/MPX2195_synpic4099.png,images,train
images/MPX1307_synpic20064.png,images,train
images/MPX1297_synpic19924.png,images,train
images/MPX1481_synpic30243.png,images,train
images/MPX2292_synpic43613.png,images,train
images/MPX2083_synpic52356.png,images,train
images/MPX2374_synpic21447.png,images,val
images/MPX1390_synpic29163.png,images,val
images/MPX1481_synpic30247.png,images,train
images/MPX1496_synpic18546.png,images,test
images/MPX1930_synpic40650.png,images,train
images/MPX1967_synpic15592.png,images,test
images/MPX1930_synpic40644.png,images,train
images/MPX2390_synpic36480.png,images,train
images/MPX1269_synpic48266.png,images,test
images/MPX2428_synpic46472.png,images,test
images/MPX1260_synpic43422.png,images,train
images/MPX2433_synpic48293.png,images,train
images/MPX2403_synpic53336.png,images,train
images/MPX2300_synpic31227.png,images,train
images/MPX2524_synpic17734.png,images,train
images/MPX1960_synpic23965.png,images,train
images/MPX2444_synpic17399.png,images,train
images/MPX2498_synpic24419.png,images,train
images/MPX2351_synpic45943.png,images,test
images/MPX2073_synpic12215.png,images,test
images/MPX2319_synpic22064.png,images,train
images/MPX2142_synpic20379.png,images,train
images/MPX2065_synpic46280.png,images,train
images/MPX1320_synpic39575.png,images,val
images/MPX1147_synpic27152.png,images,train
images/MPX1028_synpic24631.png,images,train
images/MPX1151_synpic19450.png,images,val
images/MPX2444_synpic17400.png,images,val
images/MPX1384_synpic49844.png,images,val
images/MPX2544_synpic55621.png,images,train
images/MPX1582_synpic39368.png,images,train
images/MPX2389_synpic29628.png,images,train
images/MPX2077_synpic51027.png,images,train
images/MPX1335_synpic16275.png,images,train
images/MPX1164_synpic33081.png,images,train
images/MPX1980_synpic34844.png,images,train
images/MPX1064_synpic41377.png,images,train
images/MPX2389_synpic30345.png,images,train
images/MPX1984_synpic34420.png,images,train
images/MPX1672_synpic24429.png,images,train
images/MPX1063_synpic22165.png,images,train
images/MPX1856_synpic21474.png,images,train
images/MPX1625_synpic55661.png,images,train
images/MPX1556_synpic45716.png,images,train
images/MPX2376_synpic33073.png,images,val
images/MPX2175_synpic59059.png,images,train
images/MPX1407_synpic16607.png,images,val
images/MPX2094_synpic31718.png,images,train
images/MPX1312_synpic26480.png,images,val
images/MPX1022_synpic17356.png,images,test
images/MPX2385_synpic27520.png,images,train
images/MPX1891_synpic24277.png,images,train
images/MPX2094_synpic31724.png,images,train
images/MPX2175_synpic59065.png,images,train
images/MPX2175_synpic59071.png,images,train
images/MPX1197_synpic46448.png,images,train
images/MPX1398_synpic27376.png,images,test
images/MPX2027_synpic46461.png,images,train
images/MPX1049_synpic55189.png,images,train
images/MPX1660_synpic16988.png,images,train
images/MPX1952_synpic21355.png,images,test
images/MPX1130_synpic41020.png,images,test
images/MPX1130_synpic41021.png,images,test
images/MPX1952_synpic21354.png,images,val
images/MPX2195_synpic4103.png,images,test
images/MPX2610_synpic45673.png,images,val
images/MPX1035_synpic21867.png,images,train
images/MPX1049_synpic55188.png,images,val
images/MPX2027_synpic46460.png,images,train
images/MPX1435_synpic25190.png,images,train
images/MPX1861_synpic20765.png,images,train
images/MPX1825_synpic24340.png,images,train
images/MPX1427_synpic17014.png,images,val
images/MPX1197_synpic46449.png,images,val
images/MPX2175_synpic59070.png,images,test
images/MPX2030_synpic49047.png,images,train
images/MPX1398_synpic27377.png,images,val
images/MPX2175_synpic59064.png,images,train
images/MPX1312_synpic26481.png,images,val
images/MPX1891_synpic24276.png,images,val
images/MPX2385_synpic27521.png,images,train
images/MPX1022_synpic17357.png,images,train
images/MPX2376_synpic33072.png,images,test
images/MPX2094_synpic31719.png,images,train
images/MPX1407_synpic16606.png,images,train
images/MPX2175_synpic59058.png,images,val
images/MPX1556_synpic45717.png,images,train
images/MPX1452_synpic58265.png,images,train
images/MPX2112_synpic23367.png,images,test
images/MPX1856_synpic21475.png,images,train
images/MPX1102_synpic21890.png,images,train
images/MPX1429_synpic46943.png,images,train
images/MPX1672_synpic24428.png,images,train
images/MPX1984_synpic34421.png,images,train
images/MPX2361_synpic8322.png,images,train
images/MPX1746_synpic51005.png,images,train
images/MPX1160_synpic15204.png,images,train
images/MPX1473_synpic17392.png,images,train
images/MPX2077_synpic51026.png,images,val
images/MPX1582_synpic39369.png,images,val
images/MPX2069_synpic24286.png,images,train
images/MPX1384_synpic49845.png,images,val
images/MPX1531_synpic16441.png,images,test
images/MPX2199_synpic15700.png,images,val
images/MPX1028_synpic24630.png,images,test
images/MPX1151_synpic19451.png,images,train
images/MPX2471_synpic4188.png,images,test
images/MPX1147_synpic27153.png,images,train
images/MPX2031_synpic38142.png,images,train
images/MPX1520_synpic19417.png,images,val
images/MPX2065_synpic46281.png,images,val
images/MPX2142_synpic20378.png,images,val
images/MPX1705_synpic23363.png,images,train
images/MPX1692_synpic22148.png,images,train
images/MPX2073_synpic12214.png,images,train
images/MPX2351_synpic45942.png,images,train
images/MPX1202_synpic34354.png,images,train
images/MPX2160_synpic47787.png,images,train
images/MPX2319_synpic22065.png,images,train
images/MPX2319_synpic22071.png,images,train
images/MPX2498_synpic24418.png,images,train
images/MPX1960_synpic23964.png,images,train
images/MPX2300_synpic31226.png,images,train
images/MPX1960_synpic23970.png,images,train
images/MPX2295_synpic25568.png,images,val
images/MPX1260_synpic43423.png,images,train
images/MPX1852_synpic29134.png,images,train
images/MPX2607_synpic52590.png,images,val
images/MPX2428_synpic46473.png,images,test
images/MPX1269_synpic48267.png,images,val
images/MPX2390_synpic36481.png,images,train
images/MPX1930_synpic40645.png,images,train
images/MPX1967_synpic15593.png,images,train
images/MPX1481_synpic30246.png,images,train
images/MPX1236_synpic26280.png,images,train
images/MPX2563_synpic41808.png,images,train
images/MPX1701_synpic20167.png,images,val
images/MPX2350_synpic30202.png,images,train
images/MPX1390_synpic29160.png,images,train
images/MPX1481_synpic30244.png,images,train
images/MPX1880_synpic34289.png,images,train
images/MPX1967_synpic15591.png,images,train
images/MPX1930_synpic40647.png,images,test
images/MPX2390_synpic36483.png,images,train
images/MPX2292_synpic43614.png,images,train
images/MPX2469_synpic37216.png,images,train
images/MPX1755_synpic17667.png,images,val
images/MPX1260_synpic43421.png,images,train
images/MPX2428_synpic46471.png,images,train
images/MPX2524_synpic17737.png,images,train
images/MPX2305_synpic45393.png,images,train
images/MPX1616_synpic29137.png,images,test
images/MPX2466_synpic24693.png,images,train
images/MPX2319_synpic22067.png,images,train
images/MPX1708_synpic18841.png,images,val
images/MPX2073_synpic12216.png,images,train
images/MPX2507_synpic50874.png,images,test
images/MPX2319_synpic22073.png,images,train
images/MPX2606_synpic25192.png,images,test
images/MPX1551_synpic35369.png,images,test
images/MPX2387_synpic26379.png,images,val
images/MPX1643_synpic23458.png,images,val
images/MPX1151_synpic19453.png,images,train
images/MPX2347_synpic39718.png,images,val
images/MPX1028_synpic24632.png,images,val
images/MPX2031_synpic38140.png,images,train
images/MPX2021_synpic19649.png,images,test
images/MPX1147_synpic27151.png,images,train
images/MPX1394_synpic22909.png,images,train
images/MPX2528_synpic16724.png,images,val
images/MPX2479_synpic24750.png,images,train
images/MPX1333_synpic44974.png,images,test
images/MPX2544_synpic55622.png,images,train
images/MPX1384_synpic49847.png,images,train
images/MPX2069_synpic24284.png,images,train
images/MPX2064_synpic53238.png,images,train
images/MPX2260_synpic46207.png,images,val
images/MPX2075_synpic33087.png,images,train
images/MPX2077_synpic51018.png,images,train
images/MPX1160_synpic15206.png,images,val
images/MPX1164_synpic33082.png,images,val
images/MPX2077_synpic51024.png,images,val
images/MPX1335_synpic16276.png,images,train
images/MPX1956_synpic54993.png,images,train
images/MPX1984_synpic34423.png,images,test
images/MPX1515_synpic16278.png,images,train
images/MPX1489_synpic38839.png,images,train
images/MPX2127_synpic19438.png,images,train
images/MPX2009_synpic16272.png,images,train
images/MPX1609_synpic19719.png,images,train
images/MPX1063_synpic22166.png,images,train
images/MPX2456_synpic54587.png,images,train
images/MPX1711_synpic18539.png,images,train
images/MPX2589_synpic16318.png,images,train
images/MPX1398_synpic27375.png,images,train
images/MPX2563_synpic41798.png,images,train
images/MPX1110_synpic16488.png,images,val
images/MPX2175_synpic59072.png,images,train
images/MPX2175_synpic59066.png,images,train
images/MPX2174_synpic43.png,images,val
images/MPX2442_synpic45442.png,images,train
images/MPX1457_synpic52424.png,images,test
images/MPX1690_synpic55889.png,images,train
images/MPX2027_synpic46462.png,images,train
images/MPX1410_synpic19223.png,images,train
images/MPX2195_synpic4101.png,images,train
images/MPX1130_synpic41023.png,images,train
images/MPX1694_synpic18249.png,images,train
images/MPX1130_synpic41022.png,images,train
images/MPX2195_synpic4100.png,images,train
images/MPX1690_synpic55888.png,images,train
images/MPX1947_synpic16344.png,images,train
images/MPX2027_synpic46463.png,images,train
images/MPX2442_synpic45443.png,images,test
images/MPX2175_synpic59067.png,images,test
images/MPX1110_synpic16489.png,images,train
images/MPX2563_synpic41799.png,images,train
images/MPX1861_synpic20766.png,images,train
images/MPX2175_synpic59073.png,images,train
images/MPX1711_synpic18538.png,images,train
images/MPX2376_synpic33071.png,images,train
images/MPX2385_synpic27522.png,images,train
images/MPX1312_synpic26482.png,images,val
images/MPX2127_synpic19439.png,images,train
images/MPX1154_synpic53543.png,images,train
images/MPX1063_synpic22167.png,images,train
images/MPX1609_synpic19718.png,images,val
images/MPX1489_synpic38838.png,images,train
images/MPX1763_synpic253.png,images,train
images/MPX1956_synpic54992.png,images,train
images/MPX2077_synpic51025.png,images,train
images/MPX1473_synpic17391.png,images,val
images/MPX2077_synpic51019.png,images,train
images/MPX2064_synpic53239.png,images,train
images/MPX2069_synpic24285.png,images,train
images/MPX1384_synpic49846.png,images,train
images/MPX1394_synpic22908.png,images,val
images/MPX1147_synpic27150.png,images,train
images/MPX1028_synpic24627.png,images,train
images/MPX2031_synpic38141.png,images,train
images/MPX1151_synpic19452.png,images,train
images/MPX2479_synpic24745.png,images,train
images/MPX1028_synpic24633.png,images,train
images/MPX2347_synpic39719.png,images,val
images/MPX1643_synpic23459.png,images,val
images/MPX2065_synpic46282.png,images,train
images/MPX2606_synpic25193.png,images,train
images/MPX2319_synpic22072.png,images,val
images/MPX2246_synpic48550.png,images,train
images/MPX2319_synpic22066.png,images,train
images/MPX1710_synpic50525.png,images,train
images/MPX2270_synpic55620.png,images,train
images/MPX2524_synpic17736.png,images,test
images/MPX2300_synpic31225.png,images,train
images/MPX2428_synpic46470.png,images,train
images/MPX2001_synpic23580.png,images,train
images/MPX2607_synpic52587.png,images,train
images/MPX1016_synpic34317.png,images,train
images/MPX1755_synpic17666.png,images,train
images/MPX2469_synpic37217.png,images,val
images/MPX1880_synpic34288.png,images,test
images/MPX2390_synpic36482.png,images,test
images/MPX1930_synpic40646.png,images,train
images/MPX1967_synpic15590.png,images,train
images/MPX2488_synpic24860.png,images,train
images/MPX1390_synpic29161.png,images,train
images/MPX1701_synpic20166.png,images,train
images/MPX2563_synpic41809.png,images,train
